"","Cow Number","Mutli lact","Tx","CM","CMCode","Daysatrisk","Age","Parity","DIM at enrolment","Enrolment date","Exit date","BirthDate","CalveDate","Clinical case date","Pathogen","CMDIM","calveposten","dayin","dayout"
"1","1553",NA,0,1,NA,40,29.3092105263158,1,2,2016-03-03,2016-03-03,2013-09-26,2016-03-03,2016-03-03,NA,0,2016-03-03,48,48
"2","1115",NA,0,1,NA,43,60.0328947368421,3,2,2016-02-29,2016-03-01,2011-03-04,2016-02-29,2016-03-01,NA,1,2016-02-29,45,46
"3","1567",NA,0,1,NA,42,28.2894736842105,1,2,2016-03-01,2016-03-02,2013-10-25,2016-03-01,2016-03-02,NA,1,2016-03-01,46,47
"4","1373",NA,0,1,NA,54,40.8552631578947,2,2,2016-02-18,2016-02-21,2012-09-26,2016-02-18,2016-02-21,NA,3,2016-02-18,34,37
"5","1425",NA,0,1,NA,85,34.8355263157895,1,2,2016-01-18,2016-01-21,2013-02-25,2016-01-18,2016-01-21,NA,3,2016-01-18,3,6
"6","25",2,0,1,NA,27,73.7828947368421,5,0,2016-03-18,2016-03-20,2010-01-26,2016-03-18,2016-03-20,NA,NA,2016-03-18,63,65
"7","25",1,0,0,0,89,71.7434210526316,4,282,2016-01-16,2016-04-14,2010-01-26,2015-04-09,NA,NA,NA,NA,1,90
"8","191",2,0,0,NA,18,62.8289473684211,3,0,2016-03-27,2016-04-14,2011-01-03,2016-03-27,NA,NA,NA,2016-03-27,72,90
"9","191",1,0,0,0,27,60.4934210526316,2,373,2016-01-16,2016-02-12,2011-01-03,2015-01-08,NA,NA,NA,NA,1,28
"10","780",1,1,0,0,89,61.4473684210526,3,309,2016-01-16,2016-04-14,2010-12-05,2015-03-13,NA,NA,NA,NA,1,90
"11","780",2,1,0,NA,35,63.2236842105263,4,0,2016-03-10,2016-04-14,2010-12-05,2016-03-10,NA,NA,NA,2016-03-10,55,90
"12","958",1,1,0,0,89,77.9934210526316,4,285,2016-01-16,2016-04-14,2009-07-20,2015-04-06,NA,NA,NA,NA,1,90
"13","958",2,1,0,NA,16,80.3947368421053,5,0,2016-03-29,2016-04-14,2009-07-20,2016-03-29,NA,NA,NA,2016-03-29,74,90
"14","1350",NA,1,1,NA,68,42.0723684210526,2,2,2016-02-04,2016-02-04,2012-08-06,2016-02-04,2016-02-04,NA,0,2016-02-04,20,20
"15","1468",NA,1,1,NA,23,34.8026315789474,1,2,2016-03-20,2016-03-20,2013-04-29,2016-03-20,2016-03-20,NA,0,2016-03-20,65,65
"16","1555",NA,0,1,4,19,29.9013157894737,1,2,2016-03-24,2016-03-28,2013-09-29,2016-03-24,2016-03-28,"NOTSUB",4,2016-03-24,69,73
"17","1589",NA,0,1,4,45,26.5789473684211,1,2,2016-02-27,2016-03-02,2013-12-13,2016-02-27,2016-03-02,"NOTSUB",4,2016-02-27,43,47
"18","4002",NA,1,1,4,48,25.6907894736842,1,2,2016-02-24,2016-02-28,2014-01-06,2016-02-24,2016-02-28,"NOTSUB",4,2016-02-24,40,44
"19","4014",NA,1,1,4,26,25.6578947368421,1,2,2016-03-17,2016-03-21,2014-01-29,2016-03-17,2016-03-21,"NOTSUB",4,2016-03-17,62,66
"20","960",NA,1,1,4,23,80.1644736842105,5,2,2016-03-20,2016-03-25,2009-07-20,2016-03-20,2016-03-25,"NOTSUB",5,2016-03-20,65,70
"21","4045",NA,0,1,3,55,23.3552631578947,1,2,2016-02-17,2016-02-22,2014-03-11,2016-02-17,2016-02-22,"NG",5,2016-02-17,33,38
"22","1196",NA,1,1,1,80,52.1381578947368,3,2,2016-01-23,2016-01-29,2011-09-23,2016-01-23,2016-01-29,"SU",6,2016-01-23,8,14
"23","1230",NA,1,1,4,42,49.9671052631579,3,2,2016-03-01,2016-03-07,2012-01-05,2016-03-01,2016-03-07,"NOTSUB",6,2016-03-01,46,52
"24","1586",NA,1,1,4,16,27.7302631578947,1,2,2016-03-27,2016-04-02,2013-12-07,2016-03-27,2016-04-02,"NOTSUB",6,2016-03-27,72,78
"25","166",NA,1,1,1,64,62.5657894736842,3,2,2016-02-02,2016-02-09,2010-11-20,2016-02-02,2016-02-09,"SU",7,2016-02-02,18,25
"26","1597",NA,0,1,4,48,25.8881578947368,1,2,2016-02-24,2016-03-02,2013-12-31,2016-02-24,2016-03-02,"NOTSUB",7,2016-02-24,40,47
"27","182",NA,1,1,4,70,61.9407894736842,4,2,2016-02-02,2016-02-10,2010-12-09,2016-02-02,2016-02-10,"NOTSUB",8,2016-02-02,18,26
"28","1579",NA,0,1,4,60,27.0394736842105,1,2,2016-02-12,2016-02-20,2013-11-14,2016-02-12,2016-02-20,"NOTSUB",8,2016-02-12,28,36
"29","1152",NA,1,1,1,55,57.0065789473684,3,2,2016-02-17,2016-02-26,2011-05-23,2016-02-17,2016-02-26,"SU",9,2016-02-17,33,42
"30","1375",NA,0,1,2,63,40.2631578947368,2,2,2016-02-09,2016-02-23,2012-10-05,2016-02-09,2016-02-23,"SA",14,2016-02-09,25,39
"31","1370",NA,1,1,1,83,40.2302631578947,2,2,2016-01-20,2016-02-04,2012-09-16,2016-01-20,2016-02-04,"SU",15,2016-01-20,5,20
"32","920",NA,1,1,1,83,81.3486842105263,5,2,2016-01-20,2016-02-09,2009-04-15,2016-01-20,2016-02-09,"SU",20,2016-01-20,5,25
"33","1118",NA,1,1,1,89,58.421052631579,3,6,2016-01-16,2016-02-04,2011-03-07,2016-01-10,2016-02-04,"SU",25,NA,1,20
"34","1124",NA,1,1,1,63,58.6842105263158,3,2,2016-02-09,2016-03-08,2011-03-25,2016-02-09,2016-03-08,"SD",28,2016-02-09,25,53
"35","1321",NA,0,1,4,83,43.1907894736842,2,2,2016-01-20,2016-02-19,2012-06-18,2016-01-20,2016-02-19,"NOTSUB",30,2016-01-20,5,35
"36","1544",NA,1,1,4,57,29.6052631578947,1,2,2016-02-15,2016-03-22,2013-08-31,2016-02-15,2016-03-22,"NOTSUB",36,2016-02-15,31,67
"37","1478",NA,1,1,1,89,32.0723684210526,1,26,2016-01-16,2016-02-07,2013-05-16,2015-12-21,2016-02-07,"EC",48,NA,1,23
"38","193",NA,0,1,2,41,60.3947368421053,3,47,2016-01-16,2016-01-21,2011-01-06,2015-11-30,2016-01-21,"SA",52,NA,1,6
"39","1799",NA,0,1,1,89,108.618421052632,3,24,2016-01-16,2016-02-17,2007-01-01,2015-12-23,2016-02-17,"ES",56,NA,1,33
"40","1157",NA,0,1,2,89,54.6052631578947,2,31,2016-01-16,2016-02-12,2011-07-01,2015-12-16,2016-02-12,"SA",58,NA,1,28
"41","1223",NA,0,1,2,89,48.9802631578947,3,6,2016-01-16,2016-03-09,2011-12-19,2016-01-10,2016-03-09,"SA",59,NA,1,54
"42","1279",NA,0,1,3,89,45.1644736842105,2,13,2016-01-16,2016-03-05,2012-04-13,2016-01-03,2016-03-05,"CON",62,NA,1,50
"43","942",NA,1,1,1,88,79.1776315789474,5,2,2016-01-16,2016-03-18,2009-06-15,2016-01-15,2016-03-18,"SU / SA",63,NA,1,63
"44","1191",NA,0,1,3,89,52.3355263157895,2,40,2016-01-16,2016-02-09,2011-09-08,2015-12-07,2016-02-09,"NG",64,NA,1,25
"45","1317",NA,0,1,4,73,43.8157894736842,2,2,2016-01-30,2016-04-03,2012-06-09,2016-01-30,2016-04-03,"NOTSUB",64,2016-01-30,15,79
"46","1338",NA,1,1,1,65,41.7105263157895,2,15,2016-01-16,2016-03-07,2012-07-27,2016-01-01,2016-03-07,"EC",66,NA,1,52
"47","9298",NA,1,1,4,83,54.8026315789474,3,2,2016-01-20,2016-03-27,2011-07-01,2016-01-20,2016-03-27,"NOTSUB",67,2016-01-20,5,72
"48","105",NA,0,1,1,89,66.25,4,21,2016-01-16,2016-03-07,2010-07-12,2015-12-26,2016-03-07,"EC",72,NA,1,52
"49","1353",NA,0,1,4,89,41.1184210526316,2,47,2016-01-16,2016-02-14,2012-08-14,2015-11-30,2016-02-14,"NOTSUB",76,NA,1,30
"50","1194",NA,1,1,1,89,52.2368421052632,3,29,2016-01-16,2016-03-05,2011-09-11,2015-12-18,2016-03-05,"EC",78,NA,1,50
"51","773",NA,0,1,4,89,93.7171052631579,6,51,2016-01-16,2016-02-14,2008-03-29,2015-11-26,2016-02-14,"NOTSUB",80,NA,1,30
"52","1324",NA,1,1,4,89,42.7631578947368,2,21,2016-01-16,2016-03-27,2012-06-25,2015-12-26,2016-03-27,"NOTSUB",92,NA,1,72
"53","1132",NA,1,1,2,89,57.4342105263158,3,74,2016-01-16,2016-02-07,2011-04-06,2015-11-03,2016-02-07,"SA",96,NA,1,23
"54","131",NA,0,1,1,83,65.1315789473684,3,65,2016-01-16,2016-02-22,2010-08-15,2015-11-12,2016-02-22,"KS",102,NA,1,38
"55","1256",NA,1,1,3,89,46.2828947368421,2,58,2016-01-16,2016-03-01,2012-03-10,2015-11-19,2016-03-01,"NG",103,NA,1,46
"56","1541",NA,0,1,3,89,28.7828947368421,1,85,2016-01-16,2016-02-03,2013-08-24,2015-10-23,2016-02-03,"CON",103,NA,1,19
"57","1318",NA,1,1,1,89,43.1907894736842,2,61,2016-01-16,2016-03-04,2012-06-12,2015-11-16,2016-03-04,"KS",109,NA,1,49
"58","1367",NA,0,1,3,89,40.2302631578947,2,41,2016-01-16,2016-03-24,2012-09-10,2015-12-06,2016-03-24,"CON",109,NA,1,69
"59","1496",NA,1,1,4,89,30.7565789473684,1,46,2016-01-16,2016-03-20,2013-06-25,2015-12-01,2016-03-20,"NOTSUB",110,NA,1,65
"60","910",NA,1,1,3,89,82.6644736842105,5,106,2016-01-16,2016-01-23,2009-02-28,2015-10-02,2016-01-23,"CON",113,NA,1,8
"61","1355",NA,0,1,1,89,41.0526315789474,2,50,2016-01-16,2016-03-24,2012-08-16,2015-11-27,2016-03-24,"EC",118,NA,1,69
"62","1493",NA,0,1,1,89,30.9210526315789,1,68,2016-01-16,2016-03-08,2013-06-20,2015-11-09,2016-03-08,"EC",120,NA,1,53
"63","1328",NA,1,1,4,89,42.5328947368421,2,56,2016-01-16,2016-03-22,2012-07-02,2015-11-21,2016-03-22,"NOTSUB",122,NA,1,67
"64","1518",NA,1,1,3,89,29.8684210526316,1,56,2016-01-16,2016-03-25,2013-07-22,2015-11-21,2016-03-25,"CON",125,NA,1,70
"65","168",NA,1,1,2,89,60.5592105263158,3,139,2016-01-16,2016-01-17,2011-01-01,2015-08-30,2016-01-17,"SA",140,NA,1,2
"66","972",NA,1,1,1,89,74.8355263157895,4,101,2016-01-16,2016-02-26,2009-10-24,2015-10-07,2016-02-26,"EC",142,NA,1,42
"67","959",NA,0,1,4,89,77.9934210526316,4,59,2016-01-16,2016-04-14,2009-07-20,2015-11-18,2016-04-14,"NOTSUB",148,NA,1,90
"68","1298",NA,1,1,4,89,44.6381578947368,2,143,2016-01-16,2016-01-22,2012-04-29,2015-08-26,2016-01-22,"NOTSUB",149,NA,1,7
"69","800",NA,1,1,3,89,93.5855263157895,3,127,2016-01-16,2016-02-15,2008-04-02,2015-09-11,2016-02-15,"NG",157,NA,1,31
"70","119",NA,0,1,1,83,65.7236842105263,2,129,2016-01-16,2016-02-15,2010-07-28,2015-09-09,2016-02-15,"GPB",159,NA,1,31
"71","1142",NA,1,1,4,89,56.2171052631579,3,127,2016-01-16,2016-02-21,2011-05-13,2015-09-11,2016-02-21,"NOTSUB",163,NA,1,37
"72","192",NA,1,1,1,89,60.3947368421053,3,90,2016-01-16,2016-03-30,2011-01-06,2015-10-18,2016-03-30,"SU",164,NA,1,75
"73","1330",NA,1,1,1,55,42.5328947368421,2,127,2016-01-16,2016-02-25,2012-07-02,2015-09-11,2016-02-25,"EC",167,NA,1,41
"74","1430",NA,1,1,2,89,34.5394736842105,1,145,2016-01-16,2016-02-10,2013-03-02,2015-08-24,2016-02-10,"SA",170,NA,1,26
"75","1487",NA,0,1,1,89,31.1184210526316,1,151,2016-01-16,2016-02-04,2013-06-14,2015-08-18,2016-02-04,"SU",170,NA,1,20
"76","968",NA,1,1,4,76,75.5592105263158,4,172,2016-01-16,2016-01-20,2009-10-02,2015-07-28,2016-01-20,"NOTSUB",176,NA,1,5
"77","1278",NA,1,1,3,89,45.1644736842105,2,160,2016-01-16,2016-02-01,2012-04-13,2015-08-09,2016-02-01,"NG",176,NA,1,17
"78","1474",NA,1,1,4,27,32.3026315789474,1,172,2016-01-16,2016-01-28,2013-05-09,2015-07-28,2016-01-28,"NOTSUB",184,NA,1,13
"79","1383",NA,0,1,1,89,38.125,1,152,2016-01-16,2016-02-25,2012-11-13,2015-08-17,2016-02-25,"EC",192,NA,1,41
"80","1511",NA,0,1,2,89,30.1644736842105,1,175,2016-01-16,2016-02-02,2013-07-13,2015-07-25,2016-02-02,"SA",192,NA,1,18
"81","1114",NA,1,1,1,89,58.5526315789474,3,170,2016-01-16,2016-02-08,2011-03-03,2015-07-30,2016-02-08,"EC",193,NA,1,24
"82","770",NA,1,1,3,89,94.4736842105263,6,168,2016-01-16,2016-02-12,2008-03-06,2015-08-01,2016-02-12,"CON",195,NA,1,28
"83","1154",NA,1,1,4,89,55.8223684210526,2,153,2016-01-16,2016-03-11,2011-05-25,2015-08-16,2016-03-11,"NOTSUB",208,NA,1,56
"84","1414",NA,1,1,4,89,35.5921052631579,1,150,2016-01-16,2016-03-20,2013-01-29,2015-08-19,2016-03-20,"NOTSUB",214,NA,1,65
"85","980",NA,1,1,4,65,73.8486842105263,4,201,2016-01-16,2016-01-30,2009-11-23,2015-06-29,2016-01-30,"NOTSUB",215,NA,1,15
"86","26",NA,1,1,4,76,59.8355263157895,2,192,2016-01-16,2016-02-21,2011-01-23,2015-07-08,2016-02-21,"NOTSUB",228,NA,1,37
"87","164",NA,1,1,2,89,62.171052631579,3,200,2016-01-16,2016-02-13,2010-11-13,2015-06-30,2016-02-13,"SA",228,NA,1,29
"88","1443",NA,0,1,3,89,33.75,1,209,2016-01-16,2016-02-05,2013-03-26,2015-06-21,2016-02-05,"CON",229,NA,1,21
"89","1462",NA,1,1,3,65,32.9605263157895,1,216,2016-01-16,2016-01-31,2013-04-19,2015-06-14,2016-01-31,"CON",231,NA,1,16
"90","1446",NA,1,1,4,89,33.6842105263158,1,166,2016-01-16,2016-03-22,2013-03-28,2015-08-03,2016-03-22,"NOTSUB",232,NA,1,67
"91","162",NA,1,1,1,89,62.2368421052632,3,204,2016-01-16,2016-02-21,2010-11-11,2015-06-26,2016-02-21,"EC",240,NA,1,37
"92","937",NA,0,1,3,83,79.6710526315789,4,196,2016-01-16,2016-03-01,2009-05-30,2015-07-04,2016-03-01,"CON",241,NA,1,46
"93","133",NA,0,1,3,89,64.9671052631579,4,193,2016-01-16,2016-03-08,2010-08-20,2015-07-07,2016-03-08,"CON",245,NA,1,53
"94","748",NA,1,1,3,89,99.7368421052632,5,225,2016-01-16,2016-02-10,2007-09-28,2015-06-05,2016-02-10,"NG",250,NA,1,26
"95","1159",NA,0,1,4,89,55.1973684210526,2,189,2016-01-16,2016-03-25,2011-06-13,2015-07-11,2016-03-25,"NOTSUB",258,NA,1,70
"96","88",NA,1,1,NA,60,68.8157894736842,4,2,2016-02-12,2016-02-13,2010-05-24,2016-02-12,2016-02-13,NA,1,2016-02-12,28,29
"97","42",NA,1,1,4,89,71.1184210526316,3,201,2016-01-16,2016-03-14,2010-02-14,2015-06-29,2016-03-14,"NOTSUB",259,NA,1,59
"98","173",NA,0,1,3,55,61.6447368421053,3,250,2016-01-16,2016-01-29,2010-11-29,2015-05-11,2016-01-29,"CON",263,NA,1,14
"99","171",NA,0,1,2,76,60.5592105263158,3,204,2016-01-16,2016-03-18,2011-01-01,2015-06-26,2016-03-18,"SA",266,NA,1,63
"100","760",NA,1,1,1,89,96.1184210526316,6,201,2016-01-16,2016-03-23,2008-01-16,2015-06-29,2016-03-23,"SU",268,NA,1,68
"101","900",NA,1,1,1,76,83.8486842105263,5,247,2016-01-16,2016-02-07,2009-01-23,2015-05-14,2016-02-07,"EC",269,NA,1,23
"102","904",NA,1,1,4,41,83.0592105263158,4,256,2016-01-16,2016-01-30,2009-02-16,2015-05-05,2016-01-30,"NOTSUB",270,NA,1,15
"103","1296",NA,1,1,1,34,44.671052631579,2,274,2016-01-16,2016-01-17,2012-04-28,2015-04-17,2016-01-17,"EC",275,NA,1,2
"104","85",NA,0,1,4,65,68.3881578947368,4,241,2016-01-16,2016-02-27,2010-05-08,2015-05-20,2016-02-27,"NOTSUB",283,NA,1,43
"105","149",NA,0,1,3,65,62.9605263157895,3,269,2016-01-16,2016-02-09,2010-10-20,2015-04-22,2016-02-09,"NG",293,NA,1,25
"106","604",NA,1,1,3,65,117.368421052632,6,284,2016-01-16,2016-01-25,2006-04-10,2015-04-07,2016-01-25,"CON",293,NA,1,10
"107","762",NA,1,1,1,27,95.9539473684211,5,281,2016-01-16,2016-02-02,2008-01-21,2015-04-10,2016-02-02,"KS",298,NA,1,18
"108","1193",NA,0,1,2,41,52.2368421052632,2,276,2016-01-16,2016-02-11,2011-09-11,2015-04-15,2016-02-11,"SA",302,NA,1,27
"109","1229",NA,0,1,4,55,48.421052631579,2,241,2016-01-16,2016-03-19,2012-01-05,2015-05-20,2016-03-19,"NOTSUB",304,NA,1,64
"110","62",NA,1,1,1,76,66.6118421052632,4,241,2016-01-16,2016-03-21,2010-07-01,2015-05-20,2016-03-21,"SU / SA",306,NA,1,66
"111","954",NA,1,1,NA,80,78.5197368421053,4,2,2016-01-23,2016-01-24,2009-07-13,2016-01-23,2016-01-24,NA,1,2016-01-23,8,9
"112","1236",NA,1,1,3,76,48.0921052631579,2,292,2016-01-16,2016-01-31,2012-01-15,2015-03-30,2016-01-31,"CON",307,NA,1,16
"113","163",NA,0,1,3,89,62.2368421052632,3,253,2016-01-16,2016-03-18,2010-11-11,2015-05-08,2016-03-18,"CON",315,NA,1,63
"114","871",NA,0,1,4,20,84.1776315789474,5,310,2016-01-16,2016-01-28,2009-01-13,2015-03-12,2016-01-28,"NOTSUB",322,NA,1,13
"115","1112",NA,1,1,2,10,58.8157894736842,3,329,2016-01-16,2016-01-23,2011-02-23,2015-02-21,2016-01-23,"CB",336,NA,1,8
"116","64",NA,1,1,3,41,59.8355263157895,2,323,2016-01-16,2016-01-30,2011-01-23,2015-02-27,2016-01-30,"CON",337,NA,1,15
"117","822",NA,1,1,1,83,91.7763157894737,5,284,2016-01-16,2016-03-11,2008-05-27,2015-04-07,2016-03-11,"SD",339,NA,1,56
"118","1167",2,0,0,NA,14,56.6118421052632,3,0,2016-03-31,2016-04-14,2011-07-15,2016-03-31,NA,NA,NA,2016-03-31,76,90
"119","9688",NA,1,1,3,65,78.6184210526316,4,307,2016-01-16,2016-02-26,2009-07-01,2015-03-15,2016-02-26,"CON",348,NA,1,42
"120","1",NA,0,0,0,76,72.9605263157895,3,320,2016-01-16,2016-04-01,2009-12-20,2015-03-02,NA,NA,NA,NA,1,77
"121","15",NA,0,0,0,55,72.3684210526316,3,305,2016-01-16,2016-03-11,2010-01-07,2015-03-17,NA,NA,NA,NA,1,56
"122","22",NA,1,0,0,89,71.875,4,63,2016-01-16,2016-04-14,2010-01-22,2015-11-14,NA,NA,NA,NA,1,90
"123","1167",1,0,0,0,9,54.1447368421053,2,398,2016-01-16,2016-01-25,2011-07-15,2014-12-14,NA,NA,NA,NA,1,10
"124","38",NA,1,0,0,65,71.25,4,287,2016-01-16,2016-03-21,2010-02-10,2015-04-04,NA,NA,NA,NA,1,66
"125","43",NA,0,0,0,43,72.5986842105263,5,2,2016-02-29,2016-04-14,2010-02-15,2016-02-29,NA,NA,NA,2016-02-29,45,90
"126","45",NA,0,0,0,14,73.3881578947368,5,2,2016-03-29,2016-04-14,2010-02-20,2016-03-29,NA,NA,NA,2016-03-29,74,90
"127","48",NA,1,0,0,55,70.7236842105263,3,300,2016-01-16,2016-03-11,2010-02-26,2015-03-22,NA,NA,NA,NA,1,56
"128","76",NA,1,0,0,89,69.3092105263158,4,197,2016-01-16,2016-04-14,2010-04-10,2015-07-03,NA,NA,NA,NA,1,90
"129","77",NA,0,0,0,57,68.9144736842105,4,202,2016-01-16,2016-03-13,2010-04-22,2015-06-28,NA,NA,NA,NA,1,58
"130","81",NA,0,0,0,89,67.9276315789474,4,148,2016-01-16,2016-04-14,2010-05-22,2015-08-21,NA,NA,NA,NA,1,90
"131","82",NA,1,0,0,82,68.8486842105263,4,2,2016-01-21,2016-04-14,2010-05-01,2016-01-21,NA,NA,NA,2016-01-21,6,90
"132","83",NA,0,0,0,65,68.3881578947368,4,201,2016-01-16,2016-03-21,2010-05-08,2015-06-29,NA,NA,NA,NA,1,66
"133","84",NA,1,0,0,89,68.3881578947368,4,214,2016-01-16,2016-04-14,2010-05-08,2015-06-16,NA,NA,NA,NA,1,90
"134","86",NA,1,0,0,89,68.3223684210526,4,198,2016-01-16,2016-04-14,2010-05-10,2015-07-02,NA,NA,NA,NA,1,90
"135","91",NA,0,0,0,89,67.5,3,301,2016-01-16,2016-04-14,2010-06-04,2015-03-21,NA,NA,NA,NA,1,90
"136","95",NA,0,0,0,20,67.0723684210526,3,293,2016-01-16,2016-02-05,2010-06-17,2015-03-29,NA,NA,NA,NA,1,21
"137","1280",NA,1,1,NA,68,45.7894736842105,2,2,2016-02-04,2016-02-05,2012-04-15,2016-02-04,2016-02-05,NA,1,2016-02-04,20,21
"138","98",NA,1,0,0,89,66.7105263157895,4,240,2016-01-16,2016-04-14,2010-06-28,2015-05-21,NA,NA,NA,NA,1,90
"139","107",NA,0,0,0,26,68.0921052631579,4,2,2016-03-17,2016-04-14,2010-07-19,2016-03-17,NA,NA,NA,2016-03-17,62,90
"140","110",NA,1,0,0,89,65.9539473684211,3,317,2016-01-16,2016-04-14,2010-07-21,2015-03-05,NA,NA,NA,NA,1,90
"141","113",NA,0,0,0,89,65.8881578947368,4,63,2016-01-16,2016-04-14,2010-07-23,2015-11-14,NA,NA,NA,NA,1,90
"142","115",NA,0,0,0,89,65.8223684210526,4,186,2016-01-16,2016-04-14,2010-07-25,2015-07-14,NA,NA,NA,NA,1,90
"143","121",NA,0,0,0,85,65.7565789473684,4,2,2016-01-18,2016-04-14,2010-07-31,2016-01-18,NA,NA,NA,2016-01-18,3,90
"144","122",NA,1,0,0,55,65.5921052631579,3,307,2016-01-16,2016-03-11,2010-08-01,2015-03-15,NA,NA,NA,NA,1,56
"145","123",NA,0,0,0,89,65.4276315789474,3,196,2016-01-16,2016-04-14,2010-08-06,2015-07-04,NA,NA,NA,NA,1,90
"146","124",NA,1,0,0,34,65.3289473684211,3,326,2016-01-16,2016-02-19,2010-08-09,2015-02-24,NA,NA,NA,NA,1,35
"147","126",NA,1,0,0,89,65.1973684210526,3,180,2016-01-16,2016-04-14,2010-08-13,2015-07-20,NA,NA,NA,NA,1,90
"148","129",NA,0,0,0,89,66.6118421052632,4,296,2016-01-16,2016-04-14,2010-07-01,2015-03-26,NA,NA,NA,NA,1,90
"149","132",NA,1,0,0,89,65.0328947368421,3,201,2016-01-16,2016-04-14,2010-08-18,2015-06-29,NA,NA,NA,NA,1,90
"150","135",NA,0,0,0,89,64.7697368421053,3,96,2016-01-16,2016-04-14,2010-08-26,2015-10-12,NA,NA,NA,NA,1,90
"151","138",NA,1,0,0,83,64.3092105263158,3,325,2016-01-16,2016-04-08,2010-09-09,2015-02-25,NA,NA,NA,NA,1,84
"152","147",NA,0,0,0,82,63.2565789473684,3,2,2016-01-21,2016-04-14,2010-10-18,2016-01-21,NA,NA,NA,2016-01-21,6,90
"153","153",NA,0,0,0,41,62.6644736842105,3,254,2016-01-16,2016-02-26,2010-10-29,2015-05-07,NA,NA,NA,NA,1,42
"154","167",NA,0,0,0,89,61.875,3,148,2016-01-16,2016-04-14,2010-11-22,2015-08-21,NA,NA,NA,NA,1,90
"155","169",NA,0,0,0,89,61.8092105263158,3,174,2016-01-16,2016-04-14,2010-11-24,2015-07-26,NA,NA,NA,NA,1,90
"156","176",NA,1,0,0,17,63.9802631578947,3,2,2016-03-26,2016-04-14,2010-11-30,2016-03-26,NA,NA,NA,2016-03-26,71,90
"157","177",NA,0,0,0,55,61.5789473684211,3,153,2016-01-16,2016-03-11,2010-12-01,2015-08-16,NA,NA,NA,NA,1,56
"158","180",NA,1,0,0,89,60.5592105263158,2,317,2016-01-16,2016-04-14,2011-01-01,2015-03-05,NA,NA,NA,NA,1,90
"159","181",NA,0,0,0,76,61.4144736842105,3,219,2016-01-16,2016-04-01,2010-12-06,2015-06-11,NA,NA,NA,NA,1,77
"160","183",NA,0,0,0,76,61.1842105263158,3,278,2016-01-16,2016-04-01,2010-12-13,2015-04-13,NA,NA,NA,NA,1,77
"161","187",NA,0,0,0,89,60.8881578947368,3,154,2016-01-16,2016-04-14,2010-12-22,2015-08-15,NA,NA,NA,NA,1,90
"162","190",NA,1,0,0,89,60.6578947368421,3,191,2016-01-16,2016-04-14,2010-12-29,2015-07-09,NA,NA,NA,NA,1,90
"163","4008",NA,1,1,NA,54,19.7039473684211,1,2,2016-02-18,2016-02-19,2014-07-01,2016-02-18,2016-02-19,NA,1,2016-02-18,34,35
"164","1185",2,0,0,NA,9,55.1644736842105,3,0,2016-04-05,2016-04-14,2011-09-02,2016-04-05,NA,NA,NA,2016-04-05,81,90
"165","196",NA,1,0,0,83,60.0328947368421,3,40,2016-01-16,2016-04-08,2011-01-17,2015-12-07,NA,NA,NA,NA,1,84
"166","197",NA,0,0,0,52,61.2171052631579,3,2,2016-02-20,2016-04-14,2011-01-18,2016-02-20,NA,NA,NA,2016-02-20,36,90
"167","538",NA,1,0,0,41,78.6184210526316,4,225,2016-01-16,2016-02-26,2009-07-01,2015-06-05,NA,NA,NA,NA,1,42
"168","603",NA,0,0,0,89,117.434210526316,7,176,2016-01-16,2016-04-14,2006-04-08,2015-07-24,NA,NA,NA,NA,1,90
"169","605",NA,0,0,0,41,117.039473684211,6,288,2016-01-16,2016-02-26,2006-04-20,2015-04-03,NA,NA,NA,NA,1,42
"170","606",NA,1,0,0,34,116.875,7,240,2016-01-16,2016-02-19,2006-04-25,2015-05-21,NA,NA,NA,NA,1,35
"171","608",NA,1,0,0,20,116.875,7,254,2016-01-16,2016-02-05,2006-04-25,2015-05-07,NA,NA,NA,NA,1,21
"172","619",NA,0,0,0,89,115.328947368421,7,127,2016-01-16,2016-04-14,2006-06-11,2015-09-11,NA,NA,NA,NA,1,90
"173","636",NA,1,0,0,89,112.5,7,40,2016-01-16,2016-04-14,2006-09-05,2015-12-07,NA,NA,NA,NA,1,90
"174","639",NA,0,0,0,31,113.75,8,2,2016-03-12,2016-04-14,2006-09-25,2016-03-12,NA,NA,NA,2016-03-12,57,90
"175","656",NA,1,0,0,89,108.190789473684,6,225,2016-01-16,2016-04-14,2007-01-14,2015-06-05,NA,NA,NA,NA,1,90
"176","671",NA,0,0,0,27,106.644736842105,5,341,2016-01-16,2016-02-12,2007-03-02,2015-02-09,NA,NA,NA,NA,1,28
"177","699",NA,0,0,0,83,78.6184210526316,4,237,2016-01-16,2016-04-08,2009-07-01,2015-05-24,NA,NA,NA,NA,1,84
"178","709",NA,0,0,0,43,110.131578947368,6,2,2016-02-29,2016-04-14,2007-01-01,2016-02-29,NA,NA,NA,2016-02-29,45,90
"179","717",NA,0,0,0,55,78.6184210526316,4,262,2016-01-16,2016-03-11,2009-07-01,2015-04-29,NA,NA,NA,NA,1,56
"180","719",NA,0,0,0,41,78.6184210526316,3,379,2016-01-16,2016-02-26,2009-07-01,2015-01-02,NA,NA,NA,NA,1,42
"181","721",NA,0,0,0,89,103.717105263158,6,196,2016-01-16,2016-04-14,2007-05-30,2015-07-04,NA,NA,NA,NA,1,90
"182","722",NA,1,0,0,89,103.684210526316,4,239,2016-01-16,2016-04-14,2007-05-31,2015-05-22,NA,NA,NA,NA,1,90
"183","728",NA,1,0,0,89,103.157894736842,7,26,2016-01-16,2016-04-14,2007-06-16,2015-12-21,NA,NA,NA,NA,1,90
"184","739",NA,0,0,0,89,101.085526315789,6,251,2016-01-16,2016-04-14,2007-08-18,2015-05-10,NA,NA,NA,NA,1,90
"185","742",NA,1,0,0,27,100.921052631579,4,347,2016-01-16,2016-02-12,2007-08-23,2015-02-03,NA,NA,NA,NA,1,28
"186","747",NA,0,0,0,68,100.493421052632,7,2,2016-02-04,2016-04-14,2007-09-26,2016-02-04,NA,NA,NA,2016-02-04,20,90
"187","749",NA,0,0,0,42,100,5,2,2016-03-01,2016-04-14,2007-11-06,2016-03-01,NA,NA,NA,2016-03-01,46,90
"188","757",NA,0,0,0,27,96.3486842105263,6,215,2016-01-16,2016-02-12,2008-01-09,2015-06-15,NA,NA,NA,NA,1,28
"189","766",NA,1,0,0,89,96.6118421052632,6,201,2016-01-16,2016-04-14,2008-01-01,2015-06-29,NA,NA,NA,NA,1,90
"190","768",NA,1,0,0,65,94.6381578947368,6,276,2016-01-16,2016-03-21,2008-03-01,2015-04-15,NA,NA,NA,NA,1,66
"191","4006",NA,1,1,NA,38,25.8223684210526,1,2,2016-03-05,2016-03-07,2014-01-12,2016-03-05,2016-03-07,NA,2,2016-03-05,50,52
"192","1185",1,0,0,0,41,52.5328947368421,2,328,2016-01-16,2016-02-26,2011-09-02,2015-02-22,NA,NA,NA,NA,1,42
"193","802",NA,1,0,0,65,66.6118421052632,3,323,2016-01-16,2016-03-21,2010-07-01,2015-02-27,NA,NA,NA,NA,1,66
"194","803",NA,0,0,0,20,92.7631578947368,5,320,2016-01-16,2016-02-05,2008-04-27,2015-03-02,NA,NA,NA,NA,1,21
"195","805",NA,0,0,0,89,92.6315789473684,6,155,2016-01-16,2016-04-14,2008-05-01,2015-08-14,NA,NA,NA,NA,1,90
"196","808",NA,1,0,0,27,92.5328947368421,6,281,2016-01-16,2016-02-12,2008-05-04,2015-04-10,NA,NA,NA,NA,1,28
"197","817",NA,0,0,0,65,92.2368421052632,6,209,2016-01-16,2016-03-21,2008-05-13,2015-06-21,NA,NA,NA,NA,1,66
"198","818",NA,1,0,0,76,92.1381578947368,5,219,2016-01-16,2016-04-01,2008-05-16,2015-06-11,NA,NA,NA,NA,1,77
"199","821",NA,0,0,0,65,92.0065789473684,5,294,2016-01-16,2016-03-21,2008-05-20,2015-03-28,NA,NA,NA,NA,1,66
"200","832",NA,1,0,0,83,91.0526315789474,5,222,2016-01-16,2016-04-08,2008-06-18,2015-06-08,NA,NA,NA,NA,1,84
"201","841",NA,0,0,0,55,90.0328947368421,5,306,2016-01-16,2016-03-11,2008-07-19,2015-03-16,NA,NA,NA,NA,1,56
"202","843",NA,0,0,0,40,91.5460526315789,5,2,2016-03-03,2016-04-14,2008-07-22,2016-03-03,NA,NA,NA,2016-03-03,48,90
"203","847",NA,0,0,0,63,89.6052631578947,6,2,2016-02-09,2016-04-14,2008-08-27,2016-02-09,NA,NA,NA,2016-02-09,25,90
"204","853",NA,0,0,0,63,67.4671052631579,4,2,2016-02-09,2016-04-14,2010-07-01,2016-02-09,NA,NA,NA,2016-02-09,25,90
"205","855",NA,0,0,0,55,87.9605263157895,5,272,2016-01-16,2016-03-11,2008-09-20,2015-04-19,NA,NA,NA,NA,1,56
"206","857",NA,0,0,0,12,87.7960526315789,5,239,2016-01-16,2016-01-28,2008-09-25,2015-05-22,NA,NA,NA,NA,1,13
"207","862",NA,1,0,0,83,87.4013157894737,6,205,2016-01-16,2016-04-08,2008-10-07,2015-06-25,NA,NA,NA,NA,1,84
"208","864",NA,1,0,0,89,86.8092105263158,6,48,2016-01-16,2016-04-14,2008-10-25,2015-11-29,NA,NA,NA,NA,1,90
"209","885",NA,0,0,0,89,96.6118421052632,5,143,2016-01-16,2016-04-14,2008-01-01,2015-08-26,NA,NA,NA,NA,1,90
"210","906",NA,1,0,0,20,82.9276315789474,5,181,2016-01-16,2016-02-05,2009-02-20,2015-07-19,NA,NA,NA,NA,1,21
"211","928",NA,1,0,0,89,80.0657894736842,4,150,2016-01-16,2016-04-14,2009-05-18,2015-08-19,NA,NA,NA,NA,1,90
"212","929",NA,0,0,0,65,80,4,283,2016-01-16,2016-03-21,2009-05-20,2015-04-08,NA,NA,NA,NA,1,66
"213","930",NA,1,0,0,76,80,4,300,2016-01-16,2016-04-01,2009-05-20,2015-03-22,NA,NA,NA,NA,1,77
"214","935",NA,0,0,0,9,79.6710526315789,4,185,2016-01-16,2016-01-25,2009-05-30,2015-07-15,NA,NA,NA,NA,1,10
"215","956",NA,1,0,0,63,78.9473684210526,5,2,2016-02-09,2016-04-14,2009-07-17,2016-02-09,NA,NA,NA,2016-02-09,25,90
"216","1166",NA,1,1,NA,63,55.0657894736842,3,2,2016-02-09,2016-02-12,2011-07-13,2016-02-09,2016-02-12,NA,3,2016-02-09,25,28
"217","1238",1,1,0,0,9,47.9605263157895,2,271,2016-01-16,2016-01-25,2012-01-19,2015-04-20,NA,NA,NA,NA,1,10
"218","969",NA,0,0,0,54,76.5131578947368,5,2,2016-02-18,2016-04-14,2009-10-08,2016-02-18,NA,NA,NA,2016-02-18,34,90
"219","974",NA,1,0,0,65,74.5394736842105,5,273,2016-01-16,2016-03-21,2009-11-02,2015-04-18,NA,NA,NA,NA,1,66
"220","979",NA,0,0,0,89,73.8815789473684,4,36,2016-01-16,2016-04-14,2009-11-22,2015-12-11,NA,NA,NA,NA,1,90
"221","985",NA,0,0,0,89,73.5197368421053,3,119,2016-01-16,2016-04-14,2009-12-03,2015-09-19,NA,NA,NA,NA,1,90
"222","987",NA,0,0,0,89,73.4210526315789,4,23,2016-01-16,2016-04-14,2009-12-06,2015-12-24,NA,NA,NA,NA,1,90
"223","992",NA,1,0,0,20,73.125,3,305,2016-01-16,2016-02-05,2009-12-15,2015-03-17,NA,NA,NA,NA,1,21
"224","993",NA,0,0,0,8,73.9802631578947,5,2,2016-02-09,2016-02-19,2009-12-15,2016-02-09,NA,NA,NA,2016-02-09,25,35
"225","995",NA,0,0,0,89,66.6118421052632,3,361,2016-01-16,2016-04-14,2010-07-01,2015-01-20,NA,NA,NA,NA,1,90
"226","996",NA,1,0,0,55,72.5657894736842,2,276,2016-01-16,2016-03-11,2010-01-01,2015-04-15,NA,NA,NA,NA,1,56
"227","1103",NA,0,0,0,55,60.5263157894737,3,2,2016-02-17,2016-04-14,2011-02-05,2016-02-17,NA,NA,NA,2016-02-17,33,90
"228","1104",NA,1,0,0,89,59.375,3,112,2016-01-16,2016-04-14,2011-02-06,2015-09-26,NA,NA,NA,NA,1,90
"229","1106",NA,1,0,0,48,60.6578947368421,3,2,2016-02-24,2016-04-14,2011-02-08,2016-02-24,NA,NA,NA,2016-02-24,40,90
"230","1107",NA,0,0,0,55,59.2434210526316,2,374,2016-01-16,2016-03-11,2011-02-10,2015-01-07,NA,NA,NA,NA,1,56
"231","1111",NA,0,0,0,89,58.8157894736842,3,8,2016-01-16,2016-04-14,2011-02-23,2016-01-08,NA,NA,NA,NA,1,90
"232","1116",NA,1,0,0,89,58.421052631579,3,181,2016-01-16,2016-04-14,2011-03-07,2015-07-19,NA,NA,NA,NA,1,90
"233","1122",NA,1,0,0,83,57.8947368421053,3,113,2016-01-16,2016-04-08,2011-03-23,2015-09-25,NA,NA,NA,NA,1,84
"234","1128",NA,1,0,0,89,57.796052631579,3,65,2016-01-16,2016-04-14,2011-03-26,2015-11-12,NA,NA,NA,NA,1,90
"235","1129",NA,0,0,0,89,57.6315789473684,3,23,2016-01-16,2016-04-14,2011-03-31,2015-12-24,NA,NA,NA,NA,1,90
"236","1138",NA,1,0,0,55,57.6644736842105,3,2,2016-02-17,2016-04-14,2011-05-03,2016-02-17,NA,NA,NA,2016-02-17,33,90
"237","1143",NA,0,0,0,27,56.1184210526316,2,272,2016-01-16,2016-02-12,2011-05-16,2015-04-19,NA,NA,NA,NA,1,28
"238","1148",NA,1,0,0,89,55.921052631579,2,170,2016-01-16,2016-04-14,2011-05-22,2015-07-30,NA,NA,NA,NA,1,90
"239","1153",NA,0,0,0,89,55.8881578947368,3,20,2016-01-16,2016-04-14,2011-05-23,2015-12-27,NA,NA,NA,NA,1,90
"240","1155",NA,0,0,0,42,57.2697368421053,3,2,2016-03-01,2016-04-14,2011-05-28,2016-03-01,NA,NA,NA,2016-03-01,46,90
"241","1156",NA,1,0,0,63,56.5789473684211,3,2,2016-02-09,2016-04-14,2011-05-28,2016-02-09,NA,NA,NA,2016-02-09,25,90
"242","1160",NA,1,0,0,89,55.1973684210526,3,63,2016-01-16,2016-04-14,2011-06-13,2015-11-14,NA,NA,NA,NA,1,90
"243","1162",NA,1,0,0,65,55.0328947368421,3,82,2016-01-16,2016-03-21,2011-06-18,2015-10-26,NA,NA,NA,NA,1,66
"244","1240",NA,1,1,NA,54,48.6842105263158,3,2,2016-02-18,2016-02-21,2012-02-01,2016-02-18,2016-02-21,NA,3,2016-02-18,34,37
"245","1165",NA,0,0,0,27,54.4407894736842,2,327,2016-01-16,2016-02-12,2011-07-06,2015-02-23,NA,NA,NA,NA,1,28
"246","1238",2,1,0,NA,30,49.9013157894737,3,0,2016-03-15,2016-04-14,2012-01-19,2016-03-15,NA,NA,NA,2016-03-15,60,90
"247","1168",NA,1,0,0,82,54.2763157894737,3,2,2016-01-21,2016-04-14,2011-07-18,2016-01-21,NA,NA,NA,2016-01-21,6,90
"248","1169",NA,0,0,0,89,53.9802631578947,3,99,2016-01-16,2016-04-14,2011-07-20,2015-10-09,NA,NA,NA,NA,1,90
"249","1170",NA,1,0,0,89,53.8815789473684,3,68,2016-01-16,2016-04-14,2011-07-23,2015-11-09,NA,NA,NA,NA,1,90
"250","1171",NA,0,0,0,76,53.75,2,353,2016-01-16,2016-04-01,2011-07-27,2015-01-28,NA,NA,NA,NA,1,77
"251","1172",NA,1,0,0,68,54.375,3,2,2016-02-04,2016-04-14,2011-07-29,2016-02-04,NA,NA,NA,2016-02-04,20,90
"252","1173",NA,0,0,0,89,53.5526315789474,3,31,2016-01-16,2016-04-14,2011-08-02,2015-12-16,NA,NA,NA,NA,1,90
"253","1174",NA,1,0,0,65,53.5526315789474,2,322,2016-01-16,2016-03-21,2011-08-02,2015-02-28,NA,NA,NA,NA,1,66
"254","1175",NA,0,0,0,89,48.5526315789474,2,254,2016-01-16,2016-04-14,2012-01-01,2015-05-07,NA,NA,NA,NA,1,90
"255","1176",NA,1,0,0,89,53.3223684210526,3,53,2016-01-16,2016-04-14,2011-08-09,2015-11-24,NA,NA,NA,NA,1,90
"256","1177",NA,0,0,0,76,48.5526315789474,2,286,2016-01-16,2016-04-01,2012-01-01,2015-04-05,NA,NA,NA,NA,1,77
"257","1178",NA,1,0,0,77,53.5855263157895,3,2,2016-01-26,2016-04-14,2011-08-13,2016-01-26,NA,NA,NA,2016-01-26,11,90
"258","1180",NA,1,0,0,55,53.0263157894737,2,283,2016-01-16,2016-03-11,2011-08-18,2015-04-08,NA,NA,NA,NA,1,56
"259","1181",NA,0,0,0,76,53.3552631578947,3,2,2016-01-27,2016-04-14,2011-08-21,2016-01-27,NA,NA,NA,2016-01-27,12,90
"260","1182",NA,1,0,0,89,52.9276315789474,3,31,2016-01-16,2016-04-14,2011-08-21,2015-12-16,NA,NA,NA,NA,1,90
"261","1183",NA,0,0,0,43,53.1578947368421,3,2,2016-01-26,2016-03-11,2011-08-26,2016-01-26,NA,NA,NA,2016-01-26,11,56
"262","1592",NA,1,1,NA,70,25.6578947368421,1,2,2016-02-02,2016-02-05,2013-12-16,2016-02-02,2016-02-05,NA,3,2016-02-02,18,21
"263","1249",2,0,0,NA,12,49.3421052631579,2,0,2016-04-02,2016-04-14,2012-02-23,2016-04-02,NA,NA,NA,2016-04-02,78,90
"264","1187",NA,0,0,0,89,52.4671052631579,2,206,2016-01-16,2016-04-14,2011-09-04,2015-06-24,NA,NA,NA,NA,1,90
"265","1189",NA,0,0,0,89,52.4342105263158,3,58,2016-01-16,2016-04-14,2011-09-05,2015-11-19,NA,NA,NA,NA,1,90
"266","1190",NA,1,0,0,89,52.4013157894737,3,76,2016-01-16,2016-04-14,2011-09-06,2015-11-01,NA,NA,NA,NA,1,90
"267","1197",NA,0,0,0,87,51.8092105263158,3,2,2016-01-16,2016-04-14,2011-09-26,2016-01-16,NA,NA,NA,NA,1,90
"268","1199",NA,0,0,0,41,51.5789473684211,2,353,2016-01-16,2016-02-26,2011-10-01,2015-01-28,NA,NA,NA,NA,1,42
"269","1200",NA,1,0,0,55,52.5657894736842,3,2,2016-02-17,2016-04-14,2011-10-05,2016-02-17,NA,NA,NA,2016-02-17,33,90
"270","1204",NA,1,0,0,89,50.9868421052632,3,23,2016-01-16,2016-04-14,2011-10-19,2015-12-24,NA,NA,NA,NA,1,90
"271","1205",NA,0,0,0,22,52.9276315789474,3,2,2016-03-21,2016-04-14,2011-10-27,2016-03-21,NA,NA,NA,2016-03-21,66,90
"272","1208",NA,1,0,0,38,51.9736842105263,3,2,2016-03-05,2016-04-14,2011-11-09,2016-03-05,NA,NA,NA,2016-03-05,50,90
"273","1210",NA,1,0,0,42,51.8092105263158,3,2,2016-03-01,2016-04-14,2011-11-10,2016-03-01,NA,NA,NA,2016-03-01,46,90
"274","1211",NA,0,0,0,89,49.7697368421053,3,8,2016-01-16,2016-04-14,2011-11-25,2016-01-08,NA,NA,NA,NA,1,90
"275","1214",NA,1,0,0,89,49.5723684210526,3,23,2016-01-16,2016-04-14,2011-12-01,2015-12-24,NA,NA,NA,NA,1,90
"276","1215",NA,0,0,0,89,49.4736842105263,2,271,2016-01-16,2016-04-14,2011-12-04,2015-04-20,NA,NA,NA,NA,1,90
"277","1218",NA,1,0,0,76,49.3421052631579,2,268,2016-01-16,2016-04-01,2011-12-08,2015-04-23,NA,NA,NA,NA,1,77
"278","1220",NA,1,0,0,66,49.0131578947368,3,233,2016-01-16,2016-03-22,2011-12-18,2015-05-28,NA,NA,NA,NA,1,67
"279","1221",NA,0,0,0,65,48.9802631578947,2,269,2016-01-16,2016-03-21,2011-12-19,2015-04-22,NA,NA,NA,NA,1,66
"280","1222",NA,1,0,0,38,50.6578947368421,3,2,2016-03-05,2016-04-14,2011-12-19,2016-03-05,NA,NA,NA,2016-03-05,50,90
"281","1225",NA,0,0,0,89,48.8157894736842,2,222,2016-01-16,2016-04-14,2011-12-24,2015-06-08,NA,NA,NA,NA,1,90
"282","1227",NA,0,0,0,33,50.3289473684211,3,2,2016-03-10,2016-04-14,2012-01-03,2016-03-10,NA,NA,NA,2016-03-10,55,90
"283","1228",NA,1,0,0,55,48.4868421052632,2,294,2016-01-16,2016-03-11,2012-01-03,2015-03-28,NA,NA,NA,NA,1,56
"284","1231",NA,0,0,0,89,48.3881578947368,2,275,2016-01-16,2016-04-14,2012-01-06,2015-04-16,NA,NA,NA,NA,1,90
"285","1235",NA,0,0,0,34,48.0921052631579,2,251,2016-01-16,2016-02-19,2012-01-15,2015-05-10,NA,NA,NA,NA,1,35
"286","1249",1,0,0,0,9,46.8092105263158,1,421,2016-01-16,2016-01-25,2012-02-23,2014-11-21,NA,NA,NA,NA,1,10
"287","1241",NA,0,0,0,73,47.9605263157895,3,2,2016-01-30,2016-04-14,2012-02-04,2016-01-30,NA,NA,NA,2016-01-30,15,90
"288","1243",NA,0,0,0,41,47.2368421052632,2,267,2016-01-16,2016-02-26,2012-02-10,2015-04-24,NA,NA,NA,NA,1,42
"289","1246",NA,1,0,0,27,46.9736842105263,2,281,2016-01-16,2016-02-12,2012-02-18,2015-04-10,NA,NA,NA,NA,1,28
"290","1297",2,0,0,NA,23,46.8092105263158,2,0,2016-03-22,2016-04-14,2012-04-29,2016-03-22,NA,NA,NA,2016-03-22,67,90
"291","1297",1,0,0,0,9,44.6381578947368,1,393,2016-01-16,2016-01-25,2012-04-29,2014-12-19,NA,NA,NA,NA,1,10
"292","1250",NA,1,0,0,89,46.8092105263158,2,165,2016-01-16,2016-04-14,2012-02-23,2015-08-04,NA,NA,NA,NA,1,90
"293","1251",NA,0,0,0,89,46.7763157894737,2,166,2016-01-16,2016-04-14,2012-02-24,2015-08-03,NA,NA,NA,NA,1,90
"294","1253",NA,0,0,0,89,46.5789473684211,2,95,2016-01-16,2016-04-14,2012-03-01,2015-10-13,NA,NA,NA,NA,1,90
"295","1255",NA,0,0,0,20,48.7828947368421,3,2,2016-03-23,2016-04-14,2012-03-03,2016-03-23,NA,NA,NA,2016-03-23,68,90
"296","1257",NA,0,0,0,89,46.2828947368421,2,108,2016-01-16,2016-04-14,2012-03-10,2015-09-30,NA,NA,NA,NA,1,90
"297","1262",NA,1,0,0,58,47.0065789473684,2,2,2016-02-14,2016-04-14,2012-03-19,2016-02-14,NA,NA,NA,2016-02-14,30,90
"298","1267",NA,0,0,0,89,45.625,2,70,2016-01-16,2016-04-14,2012-03-30,2015-11-07,NA,NA,NA,NA,1,90
"299","1268",NA,1,0,0,89,45.625,2,4,2016-01-16,2016-04-14,2012-03-30,2016-01-12,NA,NA,NA,NA,1,90
"300","1270",NA,1,0,0,52,46.7105263157895,2,2,2016-02-20,2016-04-14,2012-04-03,2016-02-20,NA,NA,NA,2016-02-20,36,90
"301","1272",NA,1,0,0,89,45.4276315789474,2,148,2016-01-16,2016-04-14,2012-04-05,2015-08-21,NA,NA,NA,NA,1,90
"302","1273",NA,0,0,0,89,45.3947368421053,2,40,2016-01-16,2016-04-14,2012-04-06,2015-12-07,NA,NA,NA,NA,1,90
"303","1275",NA,0,0,0,89,45.2631578947368,2,3,2016-01-16,2016-04-14,2012-04-10,2016-01-13,NA,NA,NA,NA,1,90
"304","1276",NA,1,0,0,89,45.1973684210526,2,70,2016-01-16,2016-04-14,2012-04-12,2015-11-07,NA,NA,NA,NA,1,90
"305","1282",NA,1,0,0,82,45.296052631579,2,2,2016-01-21,2016-04-14,2012-04-16,2016-01-21,NA,NA,NA,2016-01-21,6,90
"306","1283",NA,0,0,0,89,45.0657894736842,2,153,2016-01-16,2016-04-14,2012-04-16,2015-08-16,NA,NA,NA,NA,1,90
"307","1284",NA,1,0,0,89,45,2,147,2016-01-16,2016-04-14,2012-04-18,2015-08-22,NA,NA,NA,NA,1,90
"308","1288",NA,1,0,0,68,45.4934210526316,2,2,2016-02-04,2016-04-14,2012-04-24,2016-02-04,NA,NA,NA,2016-02-04,20,90
"309","1289",NA,0,0,0,45,46.25,2,2,2016-02-27,2016-04-14,2012-04-24,2016-02-27,NA,NA,NA,2016-02-27,43,90
"310","1290",NA,1,0,0,89,44.8026315789474,2,55,2016-01-16,2016-04-14,2012-04-24,2015-11-22,NA,NA,NA,NA,1,90
"311","1291",NA,0,0,0,89,44.7697368421053,2,58,2016-01-16,2016-04-14,2012-04-25,2015-11-19,NA,NA,NA,NA,1,90
"312","1292",NA,1,0,0,89,44.7697368421053,3,65,2016-01-16,2016-04-14,2012-04-25,2015-11-12,NA,NA,NA,NA,1,90
"313","1294",NA,1,0,0,89,44.7039473684211,2,122,2016-01-16,2016-04-14,2012-04-27,2015-09-16,NA,NA,NA,NA,1,90
"314","1356",1,1,0,0,27,41.0197368421053,1,347,2016-01-16,2016-02-12,2012-08-17,2015-02-03,NA,NA,NA,NA,1,28
"315","1356",2,1,0,NA,4,43.8157894736842,2,0,2016-04-10,2016-04-14,2012-08-17,2016-04-10,NA,NA,NA,2016-04-10,86,90
"316","1299",NA,0,0,0,89,44.5394736842105,2,123,2016-01-16,2016-04-14,2012-05-02,2015-09-15,NA,NA,NA,NA,1,90
"317","1301",NA,0,0,0,89,44.4736842105263,2,70,2016-01-16,2016-04-14,2012-05-04,2015-11-07,NA,NA,NA,NA,1,90
"318","1302",NA,1,0,0,89,44.375,2,53,2016-01-16,2016-04-14,2012-05-07,2015-11-24,NA,NA,NA,NA,1,90
"319","1303",NA,0,0,0,89,44.3421052631579,2,149,2016-01-16,2016-04-14,2012-05-08,2015-08-20,NA,NA,NA,NA,1,90
"320","1305",NA,0,0,0,89,44.3421052631579,2,183,2016-01-16,2016-04-14,2012-05-08,2015-07-17,NA,NA,NA,NA,1,90
"321","1307",NA,0,0,0,89,44.2105263157895,2,108,2016-01-16,2016-04-14,2012-05-12,2015-09-30,NA,NA,NA,NA,1,90
"322","1309",NA,0,0,0,60,43.9144736842105,2,2,2016-01-20,2016-03-22,2012-05-27,2016-01-20,NA,NA,NA,2016-01-20,5,67
"323","1312",NA,1,0,0,89,43.3881578947368,2,182,2016-01-16,2016-04-14,2012-06-06,2015-07-18,NA,NA,NA,NA,1,90
"324","1313",NA,0,0,0,89,43.3881578947368,1,355,2016-01-16,2016-04-14,2012-06-06,2015-01-26,NA,NA,NA,NA,1,90
"325","1314",NA,1,0,0,83,43.3881578947368,2,188,2016-01-16,2016-04-08,2012-06-06,2015-07-12,NA,NA,NA,NA,1,84
"326","1315",NA,0,0,0,89,43.2894736842105,2,93,2016-01-16,2016-04-14,2012-06-09,2015-10-15,NA,NA,NA,NA,1,90
"327","1316",NA,1,0,0,63,44.1447368421053,2,2,2016-02-09,2016-04-14,2012-06-09,2016-02-09,NA,NA,NA,2016-02-09,25,90
"328","1319",NA,0,0,0,89,43.0263157894737,2,13,2016-01-16,2016-04-14,2012-06-17,2016-01-03,NA,NA,NA,NA,1,90
"329","1327",NA,0,0,0,89,42.5,2,183,2016-01-16,2016-04-14,2012-07-03,2015-07-17,NA,NA,NA,NA,1,90
"330","1334",NA,1,0,0,55,42.9934210526316,2,2,2016-02-17,2016-04-14,2012-07-22,2016-02-17,NA,NA,NA,2016-02-17,33,90
"331","1335",NA,0,0,0,89,41.8421052631579,2,83,2016-01-16,2016-04-14,2012-07-23,2015-10-25,NA,NA,NA,NA,1,90
"332","1336",NA,1,0,0,70,42.3684210526316,2,2,2016-02-02,2016-04-14,2012-07-26,2016-02-02,NA,NA,NA,2016-02-02,18,90
"333","1337",NA,0,0,0,89,41.7105263157895,2,68,2016-01-16,2016-04-14,2012-07-27,2015-11-09,NA,NA,NA,NA,1,90
"334","1340",NA,1,0,0,76,36.9407894736842,2,2,2016-01-27,2016-04-14,2013-01-01,2016-01-27,NA,NA,NA,2016-01-27,12,90
"335","1342",NA,1,0,0,89,41.5789473684211,1,324,2016-01-16,2016-04-14,2012-07-31,2015-02-26,NA,NA,NA,NA,1,90
"336","1343",NA,0,0,0,41,41.5131578947368,1,329,2016-01-16,2016-02-26,2012-08-02,2015-02-21,NA,NA,NA,NA,1,42
"337","1344",NA,1,0,0,77,41.875,2,2,2016-01-26,2016-04-14,2012-08-03,2016-01-26,NA,NA,NA,2016-01-26,11,90
"338","1345",NA,0,0,0,89,41.5131578947368,2,13,2016-01-16,2016-04-14,2012-08-02,2016-01-03,NA,NA,NA,NA,1,90
"339","1348",NA,1,0,0,89,41.4802631578947,2,14,2016-01-16,2016-04-14,2012-08-03,2016-01-02,NA,NA,NA,NA,1,90
"340","1349",NA,0,0,0,89,41.5131578947368,2,19,2016-01-16,2016-04-14,2012-08-02,2015-12-28,NA,NA,NA,NA,1,90
"341","1351",NA,0,0,0,89,41.3157894736842,1,370,2016-01-16,2016-04-14,2012-08-08,2015-01-11,NA,NA,NA,NA,1,90
"342","1352",NA,1,0,0,89,41.3157894736842,2,26,2016-01-16,2016-04-14,2012-08-08,2015-12-21,NA,NA,NA,NA,1,90
"343","1354",NA,1,0,0,89,41.0526315789474,2,58,2016-01-16,2016-04-14,2012-08-16,2015-11-19,NA,NA,NA,NA,1,90
"344","1733",2,0,1,NA,30,68.5526315789474,4,0,2016-03-15,2016-03-25,2010-07-01,2016-03-15,2016-03-25,NA,NA,2016-03-15,60,70
"345","1733",1,0,0,0,9,66.6118421052632,3,273,2016-01-16,2016-01-25,2010-07-01,2015-04-18,NA,NA,NA,NA,1,10
"346","1356",NA,1,0,0,27,41.0197368421053,1,347,2016-01-16,2016-02-12,2012-08-17,2015-02-03,NA,NA,NA,NA,1,28
"347","1357",NA,0,0,0,89,41.0197368421053,2,64,2016-01-16,2016-04-14,2012-08-17,2015-11-13,NA,NA,NA,NA,1,90
"348","1358",NA,1,0,0,89,40.921052631579,2,8,2016-01-16,2016-04-14,2012-08-20,2016-01-08,NA,NA,NA,NA,1,90
"349","1360",NA,1,0,0,63,41.7105263157895,2,2,2016-02-09,2016-04-14,2012-08-22,2016-02-09,NA,NA,NA,2016-02-09,25,90
"350","1361",NA,0,0,0,89,40.8223684210526,3,52,2016-01-16,2016-04-14,2012-08-23,2015-11-25,NA,NA,NA,NA,1,90
"351","1362",NA,1,0,0,57,41.7763157894737,2,2,2016-02-15,2016-04-14,2012-08-26,2016-02-15,NA,NA,NA,2016-02-15,31,90
"352","1363",NA,0,0,0,70,41.1842105263158,2,2,2016-02-02,2016-04-14,2012-08-31,2016-02-02,NA,NA,NA,2016-02-02,18,90
"353","1365",NA,0,0,0,27,40.3289473684211,2,16,2016-01-16,2016-02-12,2012-09-07,2015-12-31,NA,NA,NA,NA,1,28
"354","1366",NA,1,0,0,89,40.296052631579,2,23,2016-01-16,2016-04-14,2012-09-08,2015-12-24,NA,NA,NA,NA,1,90
"355","1368",NA,1,0,0,82,40.4605263157895,2,2,2016-01-21,2016-04-14,2012-09-10,2016-01-21,NA,NA,NA,2016-01-21,6,90
"356","1369",NA,0,0,0,41,40.0986842105263,1,367,2016-01-16,2016-02-26,2012-09-14,2015-01-14,NA,NA,NA,NA,1,42
"357","1371",NA,0,0,0,89,40.0328947368421,2,23,2016-01-16,2016-04-14,2012-09-16,2015-12-24,NA,NA,NA,NA,1,90
"358","1372",NA,1,0,0,89,39.8026315789474,2,21,2016-01-16,2016-04-14,2012-09-23,2015-12-26,NA,NA,NA,NA,1,90
"359","1374",NA,1,0,0,72,39.9671052631579,2,2,2016-01-31,2016-04-14,2012-10-05,2016-01-31,NA,NA,NA,2016-01-31,16,90
"360","1377",NA,0,0,0,89,38.6184210526316,2,58,2016-01-16,2016-04-14,2012-10-29,2015-11-19,NA,NA,NA,NA,1,90
"361","1379",NA,0,0,0,82,38.7828947368421,2,2,2016-01-21,2016-04-14,2012-10-31,2016-01-21,NA,NA,NA,2016-01-21,6,90
"362","1381",NA,0,0,0,89,38.421052631579,2,63,2016-01-16,2016-04-14,2012-11-04,2015-11-14,NA,NA,NA,NA,1,90
"363","1382",NA,1,0,0,89,38.421052631579,1,154,2016-01-16,2016-04-14,2012-11-04,2015-08-15,NA,NA,NA,NA,1,90
"364","1384",NA,1,0,0,89,38.0592105263158,2,78,2016-01-16,2016-04-14,2012-11-15,2015-10-30,NA,NA,NA,NA,1,90
"365","1386",NA,1,0,0,83,38.0263157894737,2,200,2016-01-16,2016-04-08,2012-11-16,2015-06-30,NA,NA,NA,NA,1,84
"366","1773",2,0,0,NA,23,68.7828947368421,4,0,2016-03-22,2016-04-14,2010-07-01,2016-03-22,NA,NA,NA,2016-03-22,67,90
"367","1387",NA,0,0,0,89,37.6644736842105,1,158,2016-01-16,2016-04-14,2012-11-27,2015-08-11,NA,NA,NA,NA,1,90
"368","1391",NA,0,0,0,54,38.3881578947368,2,2,2016-02-18,2016-04-14,2012-12-10,2016-02-18,NA,NA,NA,2016-02-18,34,90
"369","1392",NA,1,0,0,89,37.2039473684211,1,123,2016-01-16,2016-04-14,2012-12-11,2015-09-15,NA,NA,NA,NA,1,90
"370","1393",NA,0,0,0,89,37.2039473684211,1,191,2016-01-16,2016-04-14,2012-12-11,2015-07-09,NA,NA,NA,NA,1,90
"371","1394",NA,1,0,0,89,36.9078947368421,1,144,2016-01-16,2016-04-14,2012-12-20,2015-08-25,NA,NA,NA,NA,1,90
"372","1395",NA,0,0,0,76,36.8421052631579,1,218,2016-01-16,2016-04-01,2012-12-22,2015-06-12,NA,NA,NA,NA,1,77
"373","1396",NA,1,0,0,89,36.7763157894737,1,189,2016-01-16,2016-04-14,2012-12-24,2015-07-11,NA,NA,NA,NA,1,90
"374","1397",NA,0,0,0,36,38.4539473684211,1,2,2016-03-07,2016-04-14,2012-12-26,2016-03-07,NA,NA,NA,2016-03-07,52,90
"375","1398",NA,1,0,0,89,36.6776315789474,1,182,2016-01-16,2016-04-14,2012-12-27,2015-07-18,NA,NA,NA,NA,1,90
"376","1399",NA,0,0,0,89,36.4473684210526,1,217,2016-01-16,2016-04-14,2013-01-03,2015-06-13,NA,NA,NA,NA,1,90
"377","1400",NA,1,0,0,89,36.4473684210526,1,65,2016-01-16,2016-04-14,2013-01-03,2015-11-12,NA,NA,NA,NA,1,90
"378","1402",NA,1,0,0,89,36.3486842105263,1,156,2016-01-16,2016-04-14,2013-01-06,2015-08-13,NA,NA,NA,NA,1,90
"379","1403",NA,0,0,0,89,36.3157894736842,1,172,2016-01-16,2016-04-14,2013-01-07,2015-07-28,NA,NA,NA,NA,1,90
"380","1404",NA,1,0,0,76,35.9868421052632,1,223,2016-01-16,2016-04-01,2013-01-17,2015-06-07,NA,NA,NA,NA,1,77
"381","1405",NA,0,0,0,89,35.9539473684211,1,146,2016-01-16,2016-04-14,2013-01-18,2015-08-23,NA,NA,NA,NA,1,90
"382","1407",NA,0,0,0,89,35.6578947368421,1,171,2016-01-16,2016-04-14,2013-01-27,2015-07-29,NA,NA,NA,NA,1,90
"383","1408",NA,1,0,0,89,35.6578947368421,1,210,2016-01-16,2016-04-14,2013-01-27,2015-06-20,NA,NA,NA,NA,1,90
"384","1409",NA,0,0,0,89,35.6578947368421,1,171,2016-01-16,2016-04-14,2013-01-27,2015-07-29,NA,NA,NA,NA,1,90
"385","1410",NA,1,0,0,76,35.6578947368421,1,120,2016-01-16,2016-04-01,2013-01-27,2015-09-18,NA,NA,NA,NA,1,77
"386","1415",NA,0,0,0,89,35.4605263157895,1,150,2016-01-16,2016-04-14,2013-02-02,2015-08-19,NA,NA,NA,NA,1,90
"387","1416",NA,1,0,0,89,11.3486842105263,1,115,2016-01-16,2016-04-14,2015-02-05,2015-09-23,NA,NA,NA,NA,1,90
"388","1417",NA,0,0,0,89,35.3289473684211,1,216,2016-01-16,2016-04-14,2013-02-06,2015-06-14,NA,NA,NA,NA,1,90
"389","1418",NA,1,0,0,89,35.296052631579,1,217,2016-01-16,2016-04-14,2013-02-07,2015-06-13,NA,NA,NA,NA,1,90
"390","1421",NA,0,0,0,89,35.0657894736842,1,174,2016-01-16,2016-04-14,2013-02-14,2015-07-26,NA,NA,NA,NA,1,90
"391","1424",NA,1,0,0,89,34.7039473684211,1,221,2016-01-16,2016-04-14,2013-02-25,2015-06-09,NA,NA,NA,NA,1,90
"392","1426",NA,1,0,0,89,34.5723684210526,1,153,2016-01-16,2016-04-14,2013-03-01,2015-08-16,NA,NA,NA,NA,1,90
"393","1428",NA,1,0,0,89,34.5723684210526,1,146,2016-01-16,2016-04-14,2013-03-01,2015-08-23,NA,NA,NA,NA,1,90
"394","1429",NA,0,0,0,89,34.5394736842105,1,142,2016-01-16,2016-04-14,2013-03-02,2015-08-27,NA,NA,NA,NA,1,90
"395","1431",NA,0,0,0,89,34.5065789473684,1,169,2016-01-16,2016-04-14,2013-03-03,2015-07-31,NA,NA,NA,NA,1,90
"396","1432",NA,1,0,0,89,34.3421052631579,1,134,2016-01-16,2016-04-14,2013-03-08,2015-09-04,NA,NA,NA,NA,1,90
"397","1433",NA,0,0,0,89,34.3092105263158,1,61,2016-01-16,2016-04-14,2013-03-09,2015-11-16,NA,NA,NA,NA,1,90
"398","1434",NA,1,0,0,89,34.3092105263158,1,216,2016-01-16,2016-04-14,2013-03-09,2015-06-14,NA,NA,NA,NA,1,90
"399","1435",NA,0,0,0,89,34.2763157894737,1,218,2016-01-16,2016-04-14,2013-03-10,2015-06-12,NA,NA,NA,NA,1,90
"400","1436",NA,1,0,0,89,35.1315789473684,1,200,2016-01-16,2016-04-14,2013-02-12,2015-06-30,NA,NA,NA,NA,1,90
"401","1437",NA,0,0,0,89,34.2105263157895,1,167,2016-01-16,2016-04-14,2013-03-12,2015-08-02,NA,NA,NA,NA,1,90
"402","1439",NA,0,0,0,89,34.1118421052632,1,214,2016-01-16,2016-04-14,2013-03-15,2015-06-16,NA,NA,NA,NA,1,90
"403","1440",NA,1,0,0,89,33.9802631578947,1,147,2016-01-16,2016-04-14,2013-03-19,2015-08-22,NA,NA,NA,NA,1,90
"404","1441",NA,0,0,0,89,33.9802631578947,1,80,2016-01-16,2016-04-14,2013-03-19,2015-10-28,NA,NA,NA,NA,1,90
"405","1442",NA,1,0,0,89,33.8157894736842,1,90,2016-01-16,2016-04-14,2013-03-24,2015-10-18,NA,NA,NA,NA,1,90
"406","1447",NA,0,0,0,89,33.6842105263158,1,146,2016-01-16,2016-04-14,2013-03-28,2015-08-23,NA,NA,NA,NA,1,90
"407","1448",NA,1,0,0,89,33.6184210526316,1,174,2016-01-16,2016-04-14,2013-03-30,2015-07-26,NA,NA,NA,NA,1,90
"408","1449",NA,0,0,0,89,33.4868421052632,1,145,2016-01-16,2016-04-14,2013-04-03,2015-08-24,NA,NA,NA,NA,1,90
"409","1450",NA,1,0,0,16,35.8223684210526,1,2,2016-03-27,2016-04-14,2013-04-05,2016-03-27,NA,NA,NA,2016-03-27,72,90
"410","1451",NA,0,0,0,89,33.3552631578947,1,167,2016-01-16,2016-04-14,2013-04-07,2015-08-02,NA,NA,NA,NA,1,90
"411","1453",NA,0,0,0,89,33.2236842105263,1,181,2016-01-16,2016-04-14,2013-04-11,2015-07-19,NA,NA,NA,NA,1,90
"412","1454",NA,1,0,0,89,33.1907894736842,1,158,2016-01-16,2016-04-14,2013-04-12,2015-08-11,NA,NA,NA,NA,1,90
"413","1455",NA,0,0,0,89,33.1907894736842,1,220,2016-01-16,2016-04-14,2013-04-12,2015-06-10,NA,NA,NA,NA,1,90
"414","1457",NA,0,0,0,89,33.0921052631579,1,153,2016-01-16,2016-04-14,2013-04-15,2015-08-16,NA,NA,NA,NA,1,90
"415","1458",NA,1,0,0,83,33.0592105263158,1,152,2016-01-16,2016-04-08,2013-04-16,2015-08-17,NA,NA,NA,NA,1,84
"416","1459",NA,0,0,0,89,33.0592105263158,1,47,2016-01-16,2016-04-14,2013-04-16,2015-11-30,NA,NA,NA,NA,1,90
"417","1461",NA,0,0,0,65,32.9934210526316,1,220,2016-01-16,2016-03-21,2013-04-18,2015-06-10,NA,NA,NA,NA,1,66
"418","1464",NA,1,0,0,66,32.8947368421053,1,79,2016-01-16,2016-03-22,2013-04-21,2015-10-29,NA,NA,NA,NA,1,67
"419","1465",NA,0,0,0,89,32.8947368421053,1,194,2016-01-16,2016-04-14,2013-04-21,2015-07-06,NA,NA,NA,NA,1,90
"420","1466",NA,1,0,0,89,32.8618421052632,2,67,2016-01-16,2016-04-14,2013-04-22,2015-11-10,NA,NA,NA,NA,1,90
"421","1467",NA,0,0,0,89,32.796052631579,1,61,2016-01-16,2016-04-14,2013-04-24,2015-11-16,NA,NA,NA,NA,1,90
"422","1469",NA,0,0,0,89,32.5986842105263,1,65,2016-01-16,2016-04-14,2013-04-30,2015-11-12,NA,NA,NA,NA,1,90
"423","1470",NA,1,0,0,89,32.5657894736842,1,108,2016-01-16,2016-04-14,2013-05-01,2015-09-30,NA,NA,NA,NA,1,90
"424","1471",NA,0,0,0,89,32.4671052631579,1,76,2016-01-16,2016-04-14,2013-05-04,2015-11-01,NA,NA,NA,NA,1,90
"425","1476",NA,1,0,0,89,32.2368421052632,1,209,2016-01-16,2016-04-14,2013-05-11,2015-06-21,NA,NA,NA,NA,1,90
"426","1479",NA,0,0,0,63,32.8947368421053,1,2,2016-02-09,2016-04-14,2013-05-17,2016-02-09,NA,NA,NA,2016-02-09,25,90
"427","1480",NA,1,0,0,89,32.0394736842105,1,65,2016-01-16,2016-04-14,2013-05-17,2015-11-12,NA,NA,NA,NA,1,90
"428","1481",NA,0,0,0,89,31.9736842105263,1,163,2016-01-16,2016-04-14,2013-05-19,2015-08-06,NA,NA,NA,NA,1,90
"429","1482",NA,1,0,0,89,31.8092105263158,1,148,2016-01-16,2016-04-14,2013-05-24,2015-08-21,NA,NA,NA,NA,1,90
"430","1483",NA,0,0,0,89,31.6776315789474,1,142,2016-01-16,2016-04-14,2013-05-28,2015-08-27,NA,NA,NA,NA,1,90
"431","1484",NA,1,0,0,89,31.25,1,168,2016-01-16,2016-04-14,2013-06-10,2015-08-01,NA,NA,NA,NA,1,90
"432","1485",NA,0,0,0,89,31.25,1,169,2016-01-16,2016-04-14,2013-06-10,2015-07-31,NA,NA,NA,NA,1,90
"433","1488",NA,1,0,0,89,31.1184210526316,1,64,2016-01-16,2016-04-14,2013-06-14,2015-11-13,NA,NA,NA,NA,1,90
"434","1490",NA,1,0,0,89,31.0526315789474,1,56,2016-01-16,2016-04-14,2013-06-16,2015-11-21,NA,NA,NA,NA,1,90
"435","1491",NA,0,0,0,83,31.0197368421053,1,6,2016-01-16,2016-04-08,2013-06-17,2016-01-10,NA,NA,NA,NA,1,84
"436","1492",NA,1,0,0,89,30.9868421052632,1,174,2016-01-16,2016-04-14,2013-06-18,2015-07-26,NA,NA,NA,NA,1,90
"437","1495",NA,0,0,0,89,30.7894736842105,1,150,2016-01-16,2016-04-14,2013-06-24,2015-08-19,NA,NA,NA,NA,1,90
"438","1497",NA,0,0,0,89,30.7236842105263,1,11,2016-01-16,2016-04-14,2013-06-26,2016-01-05,NA,NA,NA,NA,1,90
"439","1498",NA,1,0,0,89,30.6907894736842,1,139,2016-01-16,2016-04-14,2013-06-27,2015-08-30,NA,NA,NA,NA,1,90
"440","1499",NA,0,0,0,89,30.6907894736842,1,162,2016-01-16,2016-04-14,2013-06-27,2015-08-07,NA,NA,NA,NA,1,90
"441","1500",NA,1,0,0,89,30.6578947368421,1,82,2016-01-16,2016-04-14,2013-06-28,2015-10-26,NA,NA,NA,NA,1,90
"442","1501",NA,0,0,0,89,30.5921052631579,1,171,2016-01-16,2016-04-14,2013-06-30,2015-07-29,NA,NA,NA,NA,1,90
"443","1503",NA,0,0,0,89,30.5592105263158,1,56,2016-01-16,2016-04-14,2013-07-01,2015-11-21,NA,NA,NA,NA,1,90
"444","1504",NA,1,0,0,89,30.5263157894737,1,149,2016-01-16,2016-04-14,2013-07-02,2015-08-20,NA,NA,NA,NA,1,90
"445","1505",NA,0,0,0,89,30.4605263157895,1,86,2016-01-16,2016-04-14,2013-07-04,2015-10-22,NA,NA,NA,NA,1,90
"446","1507",NA,0,0,0,89,30.4605263157895,1,148,2016-01-16,2016-04-14,2013-07-04,2015-08-21,NA,NA,NA,NA,1,90
"447","1510",NA,1,0,0,76,30.6578947368421,1,2,2016-01-27,2016-04-14,2013-07-11,2016-01-27,NA,NA,NA,2016-01-27,12,90
"448","1512",NA,1,0,0,89,30.1315789473684,1,148,2016-01-16,2016-04-14,2013-07-14,2015-08-21,NA,NA,NA,NA,1,90
"449","1513",NA,0,0,0,77,30.4934210526316,1,2,2016-01-26,2016-04-14,2013-07-15,2016-01-26,NA,NA,NA,2016-01-26,11,90
"450","1514",NA,1,0,0,89,30.0986842105263,1,164,2016-01-16,2016-04-14,2013-07-15,2015-08-05,NA,NA,NA,NA,1,90
"451","1515",NA,0,0,0,89,30.0657894736842,1,156,2016-01-16,2016-04-14,2013-07-16,2015-08-13,NA,NA,NA,NA,1,90
"452","1516",NA,1,0,0,89,30.0328947368421,1,46,2016-01-16,2016-04-14,2013-07-17,2015-12-01,NA,NA,NA,NA,1,90
"453","1519",NA,0,0,0,89,29.8684210526316,1,16,2016-01-16,2016-04-14,2013-07-22,2015-12-31,NA,NA,NA,NA,1,90
"454","1521",NA,0,0,0,71,30.2960526315789,1,2,2016-02-01,2016-04-14,2013-07-27,2016-02-01,NA,NA,NA,2016-02-01,17,90
"455","1522",NA,1,0,0,89,29.5394736842105,1,56,2016-01-16,2016-04-14,2013-08-01,2015-11-21,NA,NA,NA,NA,1,90
"456","1523",NA,0,0,0,89,29.5065789473684,1,76,2016-01-16,2016-04-14,2013-08-02,2015-11-01,NA,NA,NA,NA,1,90
"457","1525",NA,0,0,0,89,29.2763157894737,1,38,2016-01-16,2016-04-14,2013-08-09,2015-12-09,NA,NA,NA,NA,1,90
"458","1526",NA,1,0,0,89,29.2105263157895,1,80,2016-01-16,2016-04-14,2013-08-11,2015-10-28,NA,NA,NA,NA,1,90
"459","1527",NA,0,0,0,89,29.0789473684211,1,70,2016-01-16,2016-04-14,2013-08-15,2015-11-07,NA,NA,NA,NA,1,90
"460","1528",NA,1,0,0,89,29.0460526315789,1,89,2016-01-16,2016-04-14,2013-08-16,2015-10-19,NA,NA,NA,NA,1,90
"461","1530",NA,1,0,0,87,29.0789473684211,1,2,2016-01-16,2016-04-14,2013-08-17,2016-01-16,NA,NA,NA,NA,1,90
"462","1531",NA,0,0,0,89,29.0131578947368,1,34,2016-01-16,2016-04-14,2013-08-17,2015-12-13,NA,NA,NA,NA,1,90
"463","1532",NA,1,0,0,89,28.9473684210526,1,82,2016-01-16,2016-04-14,2013-08-19,2015-10-26,NA,NA,NA,NA,1,90
"464","1534",NA,1,0,0,55,28.9144736842105,1,85,2016-01-16,2016-03-11,2013-08-20,2015-10-23,NA,NA,NA,NA,1,56
"465","1535",NA,0,0,0,89,28.9144736842105,1,78,2016-01-16,2016-04-14,2013-08-20,2015-10-30,NA,NA,NA,NA,1,90
"466","1536",NA,1,0,0,89,28.9144736842105,1,75,2016-01-16,2016-04-14,2013-08-20,2015-11-02,NA,NA,NA,NA,1,90
"467","1537",NA,0,0,0,89,28.8486842105263,1,77,2016-01-16,2016-04-14,2013-08-22,2015-10-31,NA,NA,NA,NA,1,90
"468","1538",NA,1,0,0,89,28.8157894736842,1,38,2016-01-16,2016-04-14,2013-08-23,2015-12-09,NA,NA,NA,NA,1,90
"469","1539",NA,0,0,0,89,28.8157894736842,1,60,2016-01-16,2016-04-14,2013-08-23,2015-11-17,NA,NA,NA,NA,1,90
"470","1542",NA,1,0,0,89,28.7828947368421,1,15,2016-01-16,2016-04-14,2013-08-24,2016-01-01,NA,NA,NA,NA,1,90
"471","1543",NA,0,0,0,89,28.6184210526316,1,50,2016-01-16,2016-04-14,2013-08-29,2015-11-27,NA,NA,NA,NA,1,90
"472","1545",NA,0,0,0,89,28.4868421052632,1,16,2016-01-16,2016-04-14,2013-09-02,2015-12-31,NA,NA,NA,NA,1,90
"473","1547",NA,0,0,0,89,28.2894736842105,1,83,2016-01-16,2016-04-14,2013-09-08,2015-10-25,NA,NA,NA,NA,1,90
"474","1548",NA,1,0,0,89,28.125,1,42,2016-01-16,2016-04-14,2013-09-13,2015-12-05,NA,NA,NA,NA,1,90
"475","1550",NA,1,0,0,89,27.9276315789474,1,13,2016-01-16,2016-04-14,2013-09-19,2016-01-03,NA,NA,NA,NA,1,90
"476","1554",NA,1,0,0,42,29.2434210526316,1,2,2016-03-01,2016-04-14,2013-09-26,2016-03-01,NA,NA,NA,2016-03-01,46,90
"477","1556",NA,1,0,0,33,29.2763157894737,1,2,2016-03-10,2016-04-14,2013-10-04,2016-03-10,NA,NA,NA,2016-03-10,55,90
"478","1558",NA,1,0,0,26,29.375,1,2,2016-03-17,2016-04-14,2013-10-08,2016-03-17,NA,NA,NA,2016-03-17,62,90
"479","1560",NA,1,0,0,14,29.6052631578947,1,2,2016-03-29,2016-04-14,2013-10-13,2016-03-29,NA,NA,NA,2016-03-29,74,90
"480","1565",NA,0,0,0,19,29.1118421052632,1,2,2016-03-24,2016-04-14,2013-10-23,2016-03-24,NA,NA,NA,2016-03-24,69,90
"481","1568",NA,1,0,0,40,28.2894736842105,1,2,2016-03-03,2016-04-14,2013-10-27,2016-03-03,NA,NA,NA,2016-03-03,48,90
"482","1573",NA,0,0,0,8,28.9802631578947,1,2,2016-04-04,2016-04-14,2013-11-07,2016-04-04,NA,NA,NA,2016-04-04,80,90
"483","1576",NA,1,0,0,12,28.7171052631579,1,2,2016-03-31,2016-04-14,2013-11-11,2016-03-31,NA,NA,NA,2016-03-31,76,90
"484","1577",NA,0,0,0,51,27.4342105263158,1,2,2016-02-21,2016-04-14,2013-11-11,2016-02-21,NA,NA,NA,2016-02-21,37,90
"485","1578",NA,1,0,0,52,27.3355263157895,1,2,2016-02-20,2016-04-14,2013-11-13,2016-02-20,NA,NA,NA,2016-02-20,36,90
"486","1580",NA,1,0,0,12,28.4539473684211,1,2,2016-03-31,2016-04-14,2013-11-19,2016-03-31,NA,NA,NA,2016-03-31,76,90
"487","1581",NA,0,0,0,38,27.4013157894737,1,2,2016-03-05,2016-04-14,2013-11-25,2016-03-05,NA,NA,NA,2016-03-05,50,90
"488","1582",NA,1,0,0,38,27.4013157894737,1,2,2016-03-05,2016-04-14,2013-11-25,2016-03-05,NA,NA,NA,2016-03-05,50,90
"489","1588",NA,1,0,0,16,27.5657894736842,1,2,2016-03-27,2016-04-14,2013-12-12,2016-03-27,NA,NA,NA,2016-03-27,72,90
"490","1590",NA,1,0,0,49,26.4473684210526,1,2,2016-02-23,2016-04-14,2013-12-13,2016-02-23,NA,NA,NA,2016-02-23,39,90
"491","1591",NA,0,0,0,9,27.7302631578947,1,2,2016-04-03,2016-04-14,2013-12-14,2016-04-03,NA,NA,NA,2016-04-03,79,90
"492","1593",NA,0,0,0,63,25.7565789473684,1,2,2016-02-09,2016-04-14,2013-12-20,2016-02-09,NA,NA,NA,2016-02-09,25,90
"493","1596",NA,1,0,0,46,26.0526315789474,1,2,2016-02-26,2016-04-14,2013-12-28,2016-02-26,NA,NA,NA,2016-02-26,42,90
"494","1736",NA,1,0,0,55,67.7302631578947,4,2,2016-02-17,2016-04-14,2010-07-01,2016-02-17,NA,NA,NA,2016-02-17,33,90
"495","1741",NA,0,0,0,89,60.5592105263158,3,160,2016-01-16,2016-04-14,2011-01-01,2015-08-09,NA,NA,NA,NA,1,90
"496","1757",NA,0,0,0,89,66.6118421052632,4,6,2016-01-16,2016-04-14,2010-07-01,2016-01-10,NA,NA,NA,NA,1,90
"497","1758",NA,1,0,0,77,67.0065789473684,4,2,2016-01-26,2016-04-14,2010-07-01,2016-01-26,NA,NA,NA,2016-01-26,11,90
"498","1759",NA,0,0,0,89,66.6118421052632,3,326,2016-01-16,2016-04-14,2010-07-01,2015-02-24,NA,NA,NA,NA,1,90
"499","1766",NA,1,0,0,76,66.6118421052632,3,313,2016-01-16,2016-04-01,2010-07-01,2015-03-09,NA,NA,NA,NA,1,77
"500","1773",1,0,0,0,9,66.6118421052632,3,371,2016-01-16,2016-01-25,2010-07-01,2015-01-10,NA,NA,NA,NA,1,10
"501","2001",NA,0,0,0,89,66.6118421052632,4,147,2016-01-16,2016-04-14,2010-07-01,2015-08-22,NA,NA,NA,NA,1,90
"502","2002",NA,1,0,0,89,66.6118421052632,4,160,2016-01-16,2016-04-14,2010-07-01,2015-08-09,NA,NA,NA,NA,1,90
"503","4001",NA,0,0,0,36,26.2171052631579,1,2,2016-03-07,2016-04-14,2014-01-02,2016-03-07,NA,NA,NA,2016-03-07,52,90
"504","4007",NA,0,0,0,8,26.8092105263158,1,2,2016-04-04,2016-04-14,2014-01-12,2016-04-04,NA,NA,NA,2016-04-04,80,90
"505","4010",NA,1,0,0,20,26.0197368421053,1,2,2016-03-23,2016-04-14,2014-01-24,2016-03-23,NA,NA,NA,2016-03-23,68,90
"506","4013",NA,0,0,0,51,24.9342105263158,1,2,2016-02-21,2016-04-14,2014-01-26,2016-02-21,NA,NA,NA,2016-02-21,37,90
"507","4051",NA,0,0,0,55,23.1907894736842,1,2,2016-02-17,2016-04-14,2014-03-16,2016-02-17,NA,NA,NA,2016-02-17,33,90
"508","4079",NA,0,0,0,89,20.5592105263158,1,37,2016-01-16,2016-04-14,2014-05-01,2015-12-10,NA,NA,NA,NA,1,90
"509","8731",NA,0,0,0,89,78.6184210526316,5,144,2016-01-16,2016-04-14,2009-07-01,2015-08-25,NA,NA,NA,NA,1,90
"510","9128",NA,1,0,0,65,54.6052631578947,2,285,2016-01-16,2016-03-21,2011-07-01,2015-04-06,NA,NA,NA,NA,1,66
"511","9201",NA,0,0,0,89,48.5526315789474,2,290,2016-01-16,2016-04-14,2012-01-01,2015-04-01,NA,NA,NA,NA,1,90
"512","9252",NA,1,0,0,76,48.5526315789474,2,281,2016-01-16,2016-04-01,2012-01-01,2015-04-10,NA,NA,NA,NA,1,77
"513","9513",NA,0,0,0,89,78.6184210526316,4,168,2016-01-16,2016-04-14,2009-07-01,2015-08-01,NA,NA,NA,NA,1,90
"514","9580",NA,1,0,0,41,78.6184210526316,4,252,2016-01-16,2016-02-26,2009-07-01,2015-05-09,NA,NA,NA,NA,1,42
"515","9618",NA,1,0,0,9,78.6184210526316,4,296,2016-01-16,2016-01-25,2009-07-01,2015-03-26,NA,NA,NA,NA,1,10
"516","9641",NA,0,0,0,11,81.1842105263158,5,2,2016-04-01,2016-04-14,2009-07-01,2016-04-01,NA,NA,NA,2016-04-01,77,90
"517","9664",NA,1,0,0,20,78.6184210526316,4,319,2016-01-16,2016-02-05,2009-07-01,2015-03-03,NA,NA,NA,NA,1,21
